Leg Key,Origin Port Key,Destination Port Key,Leg Miles
0,998,1684,8884.528063745254
1,1684,2493,970.8144293545382
2,2493,1951,3926.361536722859
3,1951,3827,6545.425013094378
4,2947,2743,4755.888714470468
5,2743,1952,4117.840632891714
6,1952,3828,6663.587976165801
7,2535,4214,10595.871371251387
8,4214,3835,2386.160870420648
9,1295,2256,6350.887432557148
10,2256,2635,4589.358580637257
11,2635,15,1259.0972349798176
12,15,2353,5743.710372064827
13,2353,232,3645.1145600904533
